{
  "contacts": [
    {
      "id": "b9e88763-08d6-4e4c-8a54-f137c6109777",
      "name": "asasajjjjj",
      "email": "sasasa@asas.com"
    },
    {
      "id": "c052799e-1bef-481a-837e-b0d354985616",
      "name": "test",
      "email": "test@test.com"
    },
    {
      "id": "477dcd47-9f82-462d-ab25-6be234ad2c05",
      "name": "Izzat Jamal",
      "email": "izzat.online@gmail.com"
    },
    {
      "id": "e2ca5c77-5ff4-43f5-9d46-977f95d5b13b",
      "name": "hello hello",
      "email": "ayehshk@hetyshj.com"
    }
  ]
}